year,start_station_id,total_bikes,started_at
2022,HB101,1512,1512
2022,HB102,2530,2530
2022,HB103,1509,1509
2022,HB105,1332,1332
2022,HB201,618,618
2022,HB202,728,728
2022,HB203,538,538
2022,HB301,599,599
2022,HB302,452,452
2022,HB303,881,881
2022,HB304,581,581
2022,HB305,676,676
2022,HB401,482,482
2022,HB402,872,872
2022,HB404,303,303
2022,HB407,590,590
2022,HB408,528,528
2022,HB409,625,625
2022,HB501,482,482
2022,HB502,935,935
2022,HB503,520,520
2022,HB505,577,577
2022,HB506,539,539
2022,HB507,328,328
2022,HB601,646,646
2022,HB602,576,576
2022,HB603,708,708
2022,HB607,871,871
2022,JC002,408,408
2022,JC003,844,844
2022,JC005,2423,2423
2022,JC006,570,570
2022,JC008,1080,1080
2022,JC009,1058,1058
2022,JC013,789,789
2022,JC014,530,530
2022,JC018,153,153
2022,JC019,404,404
2022,JC020,442,442
2022,JC022,403,403
2022,JC023,579,579
2022,JC024,418,418
2022,JC027,316,316
2022,JC032,576,576
2022,JC034,303,303
2022,JC035,569,569
2022,JC038,205,205
2022,JC051,141,141
2022,JC052,653,653
2022,JC053,94,94
2022,JC055,605,605
2022,JC057,352,352
2022,JC059,201,201
2022,JC063,74,74
2022,JC065,171,171
2022,JC066,822,822
2022,JC072,518,518
2022,JC074,501,501
2022,JC075,473,473
2022,JC076,386,386
2022,JC077,236,236
2022,JC078,487,487
2022,JC080,357,357
2022,JC081,457,457
2022,JC082,626,626
2022,JC084,225,225
2022,JC093,378,378
2022,JC094,192,192
2022,JC095,408,408
2022,JC097,120,120
2022,JC098,718,718
2022,JC099,376,376
2022,JC102,524,524
2022,JC103,568,568
2022,JC104,754,754
2022,JC105,946,946
2022,JC106,803,803
2022,JC107,32,32
2022,JC108,34,34
2022,JC109,1183,1183
2022,JC110,395,395
2022,JC115,167,167
2023,2733.03,55,55
2023,2782.02,85,85
2023,2821.05,124,124
2023,2832.03,92,92
2023,2861.02,51,51
2023,2872.02,41,41
2023,2883.03,29,29
2023,2898.01,210,210
2023,2912.08,34,34
2023,2923.01,54,54
2023,2932.03,104,104
2023,2951.05,75,75
2023,2961.05,64,64
2023,2971.02,9,9
2023,2984.04,180,180
2023,3000.08,57,57
2023,3007.05,98,98
2023,3011.03,208,208
2023,3019.02,14,14
2023,3019.03,15,15
2023,3022.01,174,174
2023,3034.02,64,64
2023,3038.08,103,103
2023,3046.03,77,77
2023,3050.03,100,100
2023,3056.05,203,203
2023,3070.04,159,159
2023,3084.05,79,79
2023,3087.01,33,33
2023,3090.06,148,148
2023,3093.07,77,77
2023,3113.06,58,58
2023,3113.10,80,80
2023,3117.05,102,102
2023,3121.01,37,37
2023,3125.09,233,233
2023,3129.08,33,33
2023,3132.09,94,94
2023,3135.04,102,102
2023,3138.09,46,46
2023,3140.09,100,100
2023,3148.08,78,78
2023,3148.09,82,82
2023,3155.01,30,30
2023,3157.08,120,120
2023,3161.02,85,85
2023,3164.04,16,16
2023,3166.03,83,83
2023,3169.07,51,51
2023,3172.01,69,69
2023,3178.02,15,15
2023,3180.02,167,167
2023,3180.09,153,153
2023,3187.01,51,51
2023,3188.04,69,69
2023,3192.05,284,284
2023,3199.01,173,173
2023,3202.06,227,227
2023,3205.06,12,12
2023,3208.07,107,107
2023,3211.06,127,127
2023,3214.04,32,32
2023,3220.01,45,45
2023,3223.07,122,122
2023,3229.07,29,29
2023,3230.01,86,86
2023,3233.06,90,90
2023,3240.15,190,190
2023,3243.02,26,26
2023,3246.06,29,29
2023,3253.01,25,25
2023,3256.04,68,68
2023,3263.01,161,161
2023,3266.01,102,102
2023,3272.01,177,177
2023,3278.07,23,23
2023,3280.04,205,205
2023,3283.05,21,21
2023,3286.07,52,52
2023,3294.03,173,173
2023,3300.04,65,65
2023,3300.06,14,14
2023,3303.03,140,140
2023,3306.03,168,168
2023,3309.04,28,28
2023,3312.07,157,157
2023,3315.05,21,21
2023,3318.05,52,52
2023,3327.01,42,42
2023,3335.09,9,9
2023,3341.06,25,25
2023,3344.02,624,624
2023,3347.03,101,101
2023,3350.04,15,15
2023,3353.04,123,123
2023,3356.07,25,25
2023,3359.01,112,112
2023,3359.03,106,106
2023,3368.04,243,243
2023,3376.02,212,212
2023,3376.04,182,182
2023,3379.03,105,105
2023,3382.04,54,54
2023,3385.06,265,265
2023,3388.02,26,26
2023,3391.10,16,16
2023,3394.03,76,76
2023,3400.04,96,96
2023,3408.05,140,140
2023,3420.01,269,269
2023,3426.02,129,129
2023,3428.04,14,14
2023,3431.02,110,110
2023,3439.03,278,278
2023,3448.02,729,729
2023,3451.01,59,59
2023,3454.01,55,55
2023,3457.03,304,304
2023,3460.01,74,74
2023,3460.02,217,217
2023,3460.05,59,59
2023,3463.01,74,74
2023,3472.03,154,154
2023,3480.04,198,198
2023,3486.02,50,50
2023,3492.04,212,212
2023,3495.08,25,25
2023,3498.09,373,373
2023,3504.02,86,86
2023,3507.04,293,293
2023,3512.03,126,126
2023,3515.01,195,195
2023,3520.01,228,228
2023,3523.06,91,91
2023,3526.04,20,20
2023,3532.02,16,16
2023,3535.03,89,89
2023,3538.09,407,407
2023,3544.02,74,74
2023,3547.04,132,132
2023,3552.09,246,246
2023,3555.04,122,122
2023,3564.04,103,103
2023,3567.05,20,20
2023,3576.1,84,84
2023,3579.04,620,620
2023,3585.06,193,193
2023,3588.01,339,339
2023,3593.01,286,286
2023,3593.1,549,549
2023,3596.04,133,133
2023,3599.01,18,18
2023,3608.06,120,120
2023,3611.02,278,278
2023,3617.02,169,169
2023,3620.02,248,248
2023,3625.04,156,156
2023,3625.07,326,326
2023,3628.11,433,433
2023,3633.08,521,521
2023,3639.04,29,29
2023,3648.08,310,310
2023,3651.04,1727,1727
2023,3657.06,345,345
2023,3660.07,326,326
2023,3665.06,142,142
2023,3668.04,223,223
2023,3680.04,110,110
2023,3688.06,154,154
2023,3696.05,167,167
2023,3699.07,443,443
2023,3704.01,261,261
2023,3704.04,476,476
2023,3707.01,62,62
2023,3710.07,193,193
2023,3719.02,142,142
2023,3722.04,888,888
2023,3728.04,125,125
2023,3728.05,206,206
2023,3731.11,701,701
2023,3736.03,278,278
2023,3739.06,140,140
2023,3742.11,156,156
2023,3751.05,135,135
2023,3759.07,388,388
2023,3762.08,873,873
2023,3768.02,215,215
2023,3771.06,549,549
2023,3776.05,203,203
2023,3779.02,63,63
2023,3782.03,115,115
2023,3791.02,292,292
2023,3803.05,494,494
2023,3803.09,790,790
2023,3811.05,201,201
2023,3814.01,129,129
2023,3822.08,171,171
2023,3831.03,439,439
2023,3834.10,741,741
2023,3839.02,364,364
2023,3842.08,458,458
2023,3845.05,53,53
2023,3847.04,262,262
2023,3850.03,152,152
2023,3853.02,100,100
2023,3856.03,78,78
2023,3862.07,328,328
2023,3865.05,886,886
2023,3871.02,252,252
2023,3874.01,341,341
2023,3877.04,3,3
2023,3879.04,525,525
2023,3882.01,186,186
2023,3882.05,508,508
2023,3885.06,47,47
2023,3887.03,316,316
2023,3893.03,359,359
2023,3902.06,1017,1017
2023,3905.15,896,896
2023,3911.05,402,402
2023,3914.02,553,553
2023,3917.03,72,72
2023,3919.07,1115,1115
2023,3919.12,119,119
2023,3922.02,237,237
2023,3925.03,68,68
2023,3928.08,703,703
2023,3931.09,130,130
2023,3934.06,131,131
2023,3934.07,146,146
2023,3940.04,212,212
2023,3943.03,308,308
2023,3946.07,444,444
2023,3950.03,91,91
2023,3952.07,240,240
2023,3958.02,21,21
2023,3960.01,530,530
2023,3966.01,173,173
2023,3966.03,105,105
2023,3972.08,135,135
2023,3975.02,160,160
2023,3978.13,605,605
2023,3981.10,162,162
2023,3982.01,31,31
2023,3984.02,267,267
2023,3987.06,869,869
2023,3991.04,48,48
2023,3993.03,503,503
2023,3996.01,363,363
2023,3999.06,67,67
2023,4001.09,779,779
2023,4007.01,147,147
2023,4010.01,1058,1058
2023,4010.13,915,915
2023,4010.15,599,599
2023,4014.01,26,26
2023,4016.03,155,155
2023,4019.06,669,669
2023,4023.01,26,26
2023,4023.05,25,25
2023,4025.02,359,359
2023,4028.03,332,332
2023,4028.04,436,436
2023,4031.05,54,54
2023,4033.16,571,571
2023,4039.04,73,73
2023,4042.08,608,608
2023,4048.03,63,63
2023,4051.01,1097,1097
2023,4054.02,8,8
2023,4054.06,51,51
2023,4055.04,28,28
2023,4057.04,325,325
2023,4060.09,694,694
2023,4064.03,56,56
2023,4066.15,460,460
2023,4072.02,80,80
2023,4074.14,705,705
2023,4077.04,606,606
2023,4077.07,580,580
2023,4080.01,113,113
2023,4086.05,115,115
2023,4086.06,169,169
2023,4087.01,60,60
2023,4089.01,275,275
2023,4095.03,326,326
2023,4095.10,382,382
2023,4096.08,30,30
2023,4098.06,423,423
2023,4101.17,555,555
2023,4105.01,68,68
2023,4107.05,467,467
2023,4107.13,858,858
2023,4110.10,356,356
2023,4113.01,34,34
2023,4116.08,477,477
2023,4116.09,218,218
2023,4119.04,434,434
2023,4120.02,84,84
2023,4122.03,71,71
2023,4124.04,3,3
2023,4125.07,1441,1441
2023,4128.08,146,146
2023,4129.10,37,37
2023,4131.03,210,210
2023,4134.06,491,491
2023,4137.10,269,269
2023,4137.14,152,152
2023,4138.04,92,92
2023,4140.03,543,543
2023,4143.04,332,332
2023,4146.02,64,64
2023,4148.07,390,390
2023,4151.01,450,450
2023,4154.02,64,64
2023,4157.10,1426,1426
2023,4157.15,69,69
2023,4161.01,108,108
2023,4166.08,489,489
2023,4169.04,276,276
2023,4170.08,90,90
2023,4172.04,196,196
2023,4175.14,530,530
2023,4175.15,668,668
2023,4179.03,69,69
2023,4181.10,250,250
2023,4184.07,312,312
2023,4187.04,47,47
2023,4190.06,687,687
2023,4193.14,557,557
2023,4196.01,94,94
2023,4196.05,339,339
2023,4199.12,798,798
2023,4199.13,419,419
2023,4202.04,199,199
2023,4205.06,203,203
2023,4208.01,532,532
2023,4212.01,87,87
2023,4214.03,582,582
2023,4214.04,156,156
2023,4217.02,475,475
2023,4217.06,362,362
2023,4220.02,110,110
2023,4222.02,347,347
2023,4225.14,889,889
2023,4228.02,332,332
2023,4228.06,149,149
2023,4231.04,490,490
2023,4237.01,154,154
2023,4237.02,212,212
2023,4243.01,272,272
2023,4244.06,101,101
2023,4246.02,352,352
2023,4249.10,406,406
2023,4253.02,120,120
2023,4255.05,385,385
2023,4258.07,250,250
2023,4261.03,115,115
2023,4263.12,461,461
2023,4266.03,893,893
2023,4278.03,404,404
2023,4281.08,1075,1075
2023,4285.09,208,208
2023,4290.06,300,300
2023,4293.05,64,64
2023,4298.05,444,444
2023,4301.04,108,108
2023,4301.07,123,123
2023,4307.13,349,349
2023,4310.06,318,318
2023,4317.05,152,152
2023,4319.07,611,611
2023,4322.06,588,588
2023,4325.03,73,73
2023,4327.09,256,256
2023,4330.09,111,111
2023,4334.02,155,155
2023,4336.01,237,237
2023,4339.01,599,599
2023,4342.04,205,205
2023,4345.11,887,887
2023,4348.07,618,618
2023,4354.05,696,696
2023,4354.07,1046,1046
2023,4357.01,101,101
2023,4362.04,556,556
2023,4366.01,248,248
2023,4366.10,120,120
2023,4368.05,931,931
2023,4371.01,636,636
2023,4374.01,20,20
2023,4375.02,134,134
2023,4377.04,530,530
2023,4380.08,322,322
2023,4383.06,275,275
2023,4386.05,663,663
2023,4392.04,486,486
2023,4395.07,1443,1443
2023,4399.03,92,92
2023,4404.10,439,439
2023,4408.07,54,54
2023,4413.08,491,491
2023,4416.10,194,194
2023,4419.03,536,536
2023,4422.04,300,300
2023,4422.05,292,292
2023,4425.02,344,344
2023,4428.02,512,512
2023,4432.10,120,120
2023,4434.06,704,704
2023,4437.01,733,733
2023,4437.09,367,367
2023,4440.02,19,19
2023,4441.06,180,180
2023,4446.01,1137,1137
2023,4446.03,566,566
2023,4446.05,408,408
2023,4450.06,239,239
2023,4452.01,890,890
2023,4452.03,631,631
2023,4455.10,975,975
2023,4455.11,890,890
2023,4458.06,226,226
2023,4461.01,557,557
2023,4461.04,1103,1103
2023,4467.03,351,351
2023,4470.09,1295,1295
2023,4474.01,74,74
2023,4476.03,306,306
2023,4479.06,1167,1167
2023,4479.10,1427,1427
2023,4483.10,322,322
2023,4488.08,988,988
2023,4491.09,208,208
2023,4494.04,462,462
2023,4497.09,316,316
2023,4500.07,238,238
2023,4507.07,215,215
2023,4510.04,570,570
2023,4513.06,981,981
2023,4513.09,439,439
2023,4517.03,207,207
2023,4519.02,528,528
2023,4519.04,437,437
2023,4522.07,651,651
2023,4526.01,358,358
2023,4528.01,706,706
2023,4531.05,976,976
2023,4534.06,157,157
2023,4543.07,310,310
2023,4546.04,745,745
2023,4546.05,608,608
2023,4550.05,209,209
2023,4553.04,737,737
2023,4560.01,216,216
2023,4565.07,987,987
2023,4568.01,176,176
2023,4576.11,187,187
2023,4582.08,80,80
2023,4587.02,177,177
2023,4590.01,7,7
2023,4591.04,258,258
2023,4596.05,674,674
2023,4596.09,1373,1373
2023,4600.09,253,253
2023,4605.04,1316,1316
2023,4608.01,319,319
2023,4611.03,1224,1224
2023,4614.04,661,661
2023,4615.01,98,98
2023,4617.01,430,430
2023,4620.02,950,950
2023,4623.02,180,180
2023,4628.05,982,982
2023,4628.07,686,686
2023,4632.10,258,258
2023,4634.02,491,491
2023,4637.06,1053,1053
2023,4637.07,524,524
2023,4640.01,295,295
2023,4645.04,527,527
2023,4645.09,735,735
2023,4648.03,294,294
2023,4651.02,1203,1203
2023,4654.01,186,186
2023,4656.03,490,490
2023,4659.02,424,424
2023,4663.02,149,149
2023,4663.06,120,120
2023,4665.02,550,550
2023,4668.08,617,617
2023,4672.01,128,128
2023,4677.01,486,486
2023,4677.06,723,723
2023,4680.05,225,225
2023,4683.02,1068,1068
2023,4687.03,26,26
2023,4689.03,466,466
2023,4689.08,273,273
2023,4692.01,510,510
2023,4695.04,199,199
2023,4697.01,215,215
2023,4700.06,285,285
2023,4707.03,367,367
2023,4707.04,346,346
2023,4713.01,227,227
2023,4715.01,260,260
2023,4718.08,580,580
2023,4719.04,89,89
2023,4721.01,259,259
2023,4724.03,954,954
2023,4727.06,58,58
2023,4729.01,556,556
2023,4732.04,566,566
2023,4732.08,508,508
2023,4735.03,109,109
2023,4735.16,162,162
2023,4743.04,138,138
2023,4748.07,830,830
2023,4751.01,271,271
2023,4756.04,198,198
2023,4757.06,22,22
2023,4759.02,638,638
2023,4762.04,306,306
2023,4762.05,989,989
2023,4765.07,37,37
2023,4768.02,341,341
2023,4771.07,199,199
2023,4775.01,143,143
2023,4781.03,254,254
2023,4781.05,324,324
2023,4784.02,309,309
2023,4789.03,1166,1166
2023,4792.03,440,440
2023,4798.02,90,90
2023,4798.10,24,24
2023,4801.04,639,639
2023,4804.02,586,586
2023,4807.02,205,205
2023,4812.02,381,381
2023,4812.04,531,531
2023,4816.02,72,72
2023,4816.05,141,141
2023,4818.02,123,123
2023,4818.03,323,323
2023,4821.03,721,721
2023,4821.06,487,487
2023,4821.10,369,369
2023,4824.03,446,446
2023,4826.04,160,160
2023,4829.01,362,362
2023,4830.02,71,71
2023,4832.07,284,284
2023,4837.03,105,105
2023,4840.06,393,393
2023,4843.01,294,294
2023,4846.01,853,853
2023,4847.03,863,863
2023,4850.04,365,365
2023,4853.06,317,317
2023,4856.05,164,164
2023,4861.05,540,540
2023,4862.04,88,88
2023,4862.07,57,57
2023,4864.09,509,509
2023,4871.02,159,159
2023,4873.08,405,405
2023,4880.11,121,121
2023,4883.03,412,412
2023,4889.06,242,242
2023,4890.11,157,157
2023,4895.03,1071,1071
2023,4895.09,1214,1214
2023,4895.15,262,262
2023,4898.02,256,256
2023,4903.08,278,278
2023,4903.09,553,553
2023,4904.03,20,20
2023,4906.07,199,199
2023,4912.10,234,234
2023,4914.03,257,257
2023,4920.13,85,85
2023,4921.04,68,68
2023,4927.04,367,367
2023,4931.05,443,443
2023,4933.03,52,52
2023,4936.21,916,916
2023,4939.07,343,343
2023,4945.06,64,64
2023,4947.04,188,188
2023,4953.04,537,537
2023,4954.07,145,145
2023,4956.02,352,352
2023,4962.01,664,664
2023,4962.02,327,327
2023,4962.08,296,296
2023,4963.13,210,210
2023,4965.01,290,290
2023,4968.03,564,564
2023,4971.01,217,217
2023,4977.03,91,91
2023,4979.07,348,348
2023,4982.02,151,151
2023,4985.09,37,37
2023,4987.06,304,304
2023,4990.02,18,18
2023,4993.02,481,481
2023,4993.13,631,631
2023,4993.15,426,426
2023,4994.10,121,121
2023,4996.08,528,528
2023,5001.08,908,908
2023,5002.09,205,205
2023,5004.02,262,262
2023,5010.02,473,473
2023,5018.06,302,302
2023,5021.05,491,491
2023,5024.10,513,513
2023,5025.02,177,177
2023,5027.02,183,183
2023,5033.01,710,710
2023,5034.03,205,205
2023,5036.06,358,358
2023,5043.06,98,98
2023,5045.05,343,343
2023,5051.01,572,572
2023,5051.02,385,385
2023,5053.01,56,56
2023,5057.07,207,207
2023,5057.09,84,84
2023,5059.02,566,566
2023,5065.04,605,605
2023,5065.10,495,495
2023,5065.12,830,830
2023,5065.14,867,867
2023,5066.03,138,138
2023,5068.02,604,604
2023,5073.07,457,457
2023,5073.07_Pillar,6,6
2023,5074.08,212,212
2023,5076.04,493,493
2023,5082.08,229,229
2023,5084.03,216,216
2023,5090.06,109,109
2023,5093.01,197,197
2023,5096.12,899,899
2023,5097.02,113,113
2023,5099.02,393,393
2023,5099.03,106,106
2023,5105.01,1173,1173
2023,5106.04,176,176
2023,5108.01,1024,1024
2023,5114.06,691,691
2023,5114.08,569,569
2023,5115.01,215,215
2023,5115.05,220,220
2023,5117.05,783,783
2023,5123.07,163,163
2023,5125.03,642,642
2023,5125.07,712,712
2023,5128.04,814,814
2023,5129.01,72,72
2023,5134.09,1091,1091
2023,5137.10,1180,1180
2023,5137.11,889,889
2023,5138.03,69,69
2023,5140.06,154,154
2023,5145.02,434,434
2023,5146.03,165,165
2023,5148.03,490,490
2023,5156.05,753,753
2023,5159.04,668,668
2023,5159.07,597,597
2023,5160.01,53,53
2023,5164.05,1010,1010
2023,5167.06,437,437
2023,5168.04,112,112
2023,5170.01,203,203
2023,5175.08,938,938
2023,5176.04,207,207
2023,5178.06,980,980
2023,5181.04,667,667
2023,5184.08,1538,1538
2023,5187.03,858,858
2023,5190.07,417,417
2023,5190.09,904,904
2023,5195.06,789,789
2023,5198.04,484,484
2023,5199.01,59,59
2023,5204.05,976,976
2023,5207.01,1467,1467
2023,5210.01,362,362
2023,5216.04,403,403
2023,5216.06,1839,1839
2023,5217.03,127,127
2023,5219.05,387,387
2023,5225.02,121,121
2023,5225.04,135,135
2023,5230.02,589,589
2023,5235.05,1519,1519
2023,5235.10,855,855
2023,5238.05,1114,1114
2023,5241.02,59,59
2023,5247.10,813,813
2023,5248.05,66,66
2023,5250.05,546,546
2023,5257.01,94,94
2023,5259.06,476,476
2023,5262.09,935,935
2023,5267.08,912,912
2023,5267.09,696,696
2023,5270.05,1042,1042
2023,5270.07,1533,1533
2023,5270.08,1368,1368
2023,5270.09,1630,1630
2023,5273.01,61,61
2023,5276.04,768,768
2023,5279.03,1150,1150
2023,5280.03,41,41
2023,5282.02,328,328
2023,5288.08,863,863
2023,5288.09,933,933
2023,5288.12,1334,1334
2023,5289.05,56,56
2023,5291.05,1534,1534
2023,5297.02,1439,1439
2023,5300.05,870,870
2023,5300.06,449,449
2023,5303.06,1708,1708
2023,5303.08,1986,1986
2023,5308.04,2194,2194
2023,5321.08,53,53
2023,5323.06,367,367
2023,5326.06,334,334
2023,5329.03,2774,2774
2023,5329.08,666,666
2023,5332.10,210,210
2023,5335.03,861,861
2023,5335.07,2085,2085
2023,5340.01,1897,1897
2023,5342.10,1702,1702
2023,5343.11,1690,1690
2023,5348.02,973,973
2023,5351.03,1081,1081
2023,5351.07,1341,1341
2023,5354.01,102,102
2023,5359.10,1077,1077
2023,5359.11,973,973
2023,5359.12,541,541
2023,5359.13,558,558
2023,5360.02,63,63
2023,5362.08,195,195
2023,5365.02,1092,1092
2023,5368.03,1259,1259
2023,5369.01,104,104
2023,5371.07,317,317
2023,5374.01,2513,2513
2023,5379.09,945,945
2023,5379.10,1350,1350
2023,5382.06,2030,2030
2023,5382.07,2455,2455
2023,5388.01,661,661
2023,5391.06,1204,1204
2023,5392.04,9,9
2023,5400.05,458,458
2023,5401.03,16,16
2023,5403.04,411,411
2023,5403.05,297,297
2023,5406.02,1437,1437
2023,5406.04,244,244
2023,5409.02,79,79
2023,5411.07,598,598
2023,5411.08,820,820
2023,5414.06,1828,1828
2023,5414.07,509,509
2023,5419.04,606,606
2023,5422.04,480,480
2023,5422.09,1131,1131
2023,5430.08,619,619
2023,5430.10,588,588
2023,5431.01,42,42
2023,5433.03,308,308
2023,5433.04,123,123
2023,5436.09,1167,1167
2023,5436.11,1023,1023
2023,5440.05,34,34
2023,5442.05,642,642
2023,5442.09,222,222
2023,5445.02,1847,1847
2023,5445.07,1636,1636
2023,5450.01,607,607
2023,5450.04,955,955
2023,5453.01,1352,1352
2023,5453.05,1078,1078
2023,5453.06,1140,1140
2023,5458.02,610,610
2023,5470.02,400,400
2023,5470.10,958,958
2023,5470.12,1457,1457
2023,5471.04,29,29
2023,5473.03,261,261
2023,5473.06,158,158
2023,5476.03,1323,1323
2023,5481.04,544,544
2023,5484.09,1867,1867
2023,5489.03,956,956
2023,5489.04,208,208
2023,5489.06,252,252
2023,5492.05,2325,2325
2023,5500.02,904,904
2023,5500.07,668,668
2023,5501.06,32,32
2023,5503.01,307,307
2023,5506.10,743,743
2023,5506.14,1241,1241
2023,5509.02,480,480
2023,5510.02,11,11
2023,5510.05,17,17
2023,5515.02,1146,1146
2023,5515.08,1766,1766
2023,5520.09,484,484
2023,5523.02,1147,1147
2023,5532.01,708,708
2023,5539.06,291,291
2023,5540.06,53,53
2023,5542.04,800,800
2023,5545.01,1578,1578
2023,5545.04,1126,1126
2023,5548.01,59,59
2023,5550.05,1198,1198
2023,5550.09,674,674
2023,5553.03,1321,1321
2023,5553.10,1840,1840
2023,5558.04,516,516
2023,5561.04,1717,1717
2023,5561.06,2208,2208
2023,5569.06,940,940
2023,5569.07,579,579
2023,5570.04,117,117
2023,5572.07,161,161
2023,5575.08,307,307
2023,5575.13,506,506
2023,5578.02,921,921
2023,5579.02,17,17
2023,5579.04,30,30
2023,5581.01,573,573
2023,5584.04,1725,1725
2023,5584.05,1352,1352
2023,5593.01,2359,2359
2023,5593.02,973,973
2023,5593.04,1002,1002
2023,5602.06,1068,1068
2023,5610.09,1468,1468
2023,5611.04,10,10
2023,5611.05,51,51
2023,5613.04,681,681
2023,5616.01,995,995
2023,5616.08,773,773
2023,5623.03,641,641
2023,5626.07,2826,2826
2023,5626.13,1802,1802
2023,5626.15,2080,2080
2023,5633.04,204,204
2023,5636.11,2295,2295
2023,5636.13,991,991
2023,5644.05,944,944
2023,5653.12,1296,1296
2023,5656.03,267,267
2023,5659.05,1566,1566
2023,5659.11,1705,1705
2023,5666.04,802,802
2023,5666.11,793,793
2023,5669.10,1185,1185
2023,5669.12,951,951
2023,5676.04,665,665
2023,5679.05,1996,1996
2023,5679.08,1521,1521
2023,5687.04,1228,1228
2023,5687.11,41,41
2023,5688.02,61,61
2023,5696.03,993,993
2023,5703.13,1793,1793
2023,5709.03,269,269
2023,5712.03,1970,1970
2023,5712.12,1073,1073
2023,5721.01,1322,1322
2023,5721.07,1318,1318
2023,5721.14,977,977
2023,5730.08,1992,1992
2023,5731.03,23,23
2023,5736.09,1546,1546
2023,5743.02,356,356
2023,5746.02,2063,2063
2023,5746.14,1620,1620
2023,5752.07,513,513
2023,5752.09,671,671
2023,5755.01,1469,1469
2023,5755.09,1901,1901
2023,5755.14,1819,1819
2023,5763.03,2363,2363
2023,5764.02,44,44
2023,5769.06,715,715
2023,5772.05,1342,1342
2023,5779.08,2046,2046
2023,5779.09,264,264
2023,5779.10,2011,2011
2023,5779.11,3455,3455
2023,5785.05,1098,1098
2023,5785.10,260,260
2023,5788.12,1110,1110
2023,5788.13,3535,3535
2023,5788.15,2357,2357
2023,5788.16,1016,1016
2023,5794.05,568,568
2023,5797.01,1031,1031
2023,5805.05,1280,1280
2023,5805.07,1439,1439
2023,5806.01,37,37
2023,5820.08,2013,2013
2023,5826.02,750,750
2023,5829.12,141,141
2023,5838.09,1453,1453
2023,5845.02,31,31
2023,5847.01,2418,2418
2023,5847.06,1117,1117
2023,5851.01,85,85
2023,5854.09,2507,2507
2023,5854.10,90,90
2023,5860.02,181,181
2023,5863.07,1322,1322
2023,5869.04,926,926
2023,5872.10,1718,1718
2023,5878.02,74,74
2023,5880.02,1813,1813
2023,5881.01,112,112
2023,5883.06,100,100
2023,5886.13,2506,2506
2023,5887.03,213,213
2023,5896.01,1132,1132
2023,5902.07,817,817
2023,5905.12,3829,3829
2023,5905.14,2333,2333
2023,5914.03,1457,1457
2023,5914.08,894,894
2023,5917.02,93,93
2023,5920.03,117,117
2023,5922.04,1435,1435
2023,5922.07,1546,1546
2023,5922.08,1033,1033
2023,5923.02,78,78
2023,5929.01,1917,1917
2023,5930.02,124,124
2023,5938.01,1208,1208
2023,5938.11,1709,1709
2023,5944.01,1538,1538
2023,5945.01,48,48
2023,5947.04,2189,2189
2023,5953.03,40,40
2023,5955.12,1082,1082
2023,5956.04,85,85
2023,5956.05,117,117
2023,5964.01,965,965
2023,5971.08,1492,1492
2023,5971.09,1818,1818
2023,5977.01,546,546
2023,5980.07,2372,2372
2023,5983.04,190,190
2023,5987.03,53,53
2023,5989.02,2336,2336
2023,5992.02,57,57
2023,5997.10,1331,1331
2023,5998.09,87,87
2023,6001.01,74,74
2023,6004.06,2052,2052
2023,6004.07,1196,1196
2023,6005.04,42,42
2023,6013.12,1106,1106
2023,6014.01,26,26
2023,6016.06,180,180
2023,6019.04,490,490
2023,6020.02,24,24
2023,6022.04,2374,2374
2023,6025.08,218,218
2023,6028.01,7,7
2023,6030.04,1364,1364
2023,6030.06,1341,1341
2023,6033.01,40,40
2023,6037.02,47,47
2023,6039.06,1655,1655
2023,6046.02,1897,1897
2023,6047.03,37,37
2023,6053.01,25,25
2023,6055.08,1525,1525
2023,6056.02,18,18
2023,6058.08,217,217
2023,6062.03,73,73
2023,6064.08,1544,1544
2023,6067.01,98,98
2023,6070.05,15,15
2023,6072.06,2848,2848
2023,6072.11,2694,2694
2023,6072.16,795,795
2023,6076.02,62,62
2023,6079.03,1208,1208
2023,6080.07,41,41
2023,6089.07,1985,1985
2023,6089.08,968,968
2023,6089.11,1676,1676
2023,6090.03,159,159
2023,6092.01,104,104
2023,6096.01,40,40
2023,6098.02,755,755
2023,6098.10,2852,2852
2023,6098.12,2186,2186
2023,6099.02,39,39
2023,6101.11,221,221
2023,6104.01,186,186
2023,6105.02,43,43
2023,6107.08,1216,1216
2023,6108.03,100,100
2023,6110.01,124,124
2023,6113.07,35,35
2023,6115.06,1409,1409
2023,6115.09,797,797
2023,6116.03,182,182
2023,6119.01,21,21
2023,6122.09,2198,2198
2023,6123.02,25,25
2023,6128.04,302,302
2023,6131.12,1276,1276
2023,6131.13,1523,1523
2023,6134.03,215,215
2023,6134.13,205,205
2023,6137.04,246,246
2023,6138.02,35,35
2023,6140.05,3488,3488
2023,6141.02,91,91
2023,6143.01,86,86
2023,6143.05,120,120
2023,6146.01,16,16
2023,6148.02,1426,1426
2023,6149.02,74,74
2023,6151.03,228,228
2023,6155.03,27,27
2023,6157.04,1002,1002
2023,6158.02,69,69
2023,6158.06,130,130
2023,6164.09,1268,1268
2023,6165.06,58,58
2023,6167.03,35,35
2023,6170.02,1480,1480
2023,6171.02,30,30
2023,6173.08,2039,2039
2023,6174.03,101,101
2023,6176.11,358,358
2023,6179.07,591,591
2023,6180.05,17,17
2023,6182.02,2230,2230
2023,6183.03,28,28
2023,6185.04,100,100
2023,6185.07,155,155
2023,6188.04,19,19
2023,6190.03,498,498
2023,6190.08,1808,1808
2023,6191.04,31,31
2023,6191.06,466,466
2023,6194.06,17,17
2023,6197.08,3686,3686
2023,6197.11,63,63
2023,6198.03,55,55
2023,6200.03,138,138
2023,6203.02,872,872
2023,6206.08,1300,1300
2023,6207.06,115,115
2023,6209.05,206,206
2023,6209.08,299,299
2023,6212.04,284,284
2023,6212.08,243,243
2023,6213.01,16,16
2023,6215.04,1402,1402
2023,6215.07,1718,1718
2023,6216.01,32,32
2023,6218.04,159,159
2023,6222.04,49,49
2023,6224.03,1615,1615
2023,6224.05,1540,1540
2023,6224.06,1283,1283
2023,6225.03,47,47
2023,6227.02,266,266
2023,6230.04,1738,1738
2023,6231.01,42,42
2023,6233.05,1258,1258
2023,6234.01,123,123
2023,6234.04,199,199
2023,6237.01,59,59
2023,6239.08,2043,2043
2023,6240.05,78,78
2023,6242.10,196,196
2023,6245.08,21,21
2023,6247.06,1685,1685
2023,6248.08,1760,1760
2023,6249.02,93,93
2023,6251.06,267,267
2023,6254.06,438,438
2023,6255.02,15,15
2023,6257.03,2433,2433
2023,6258.02,189,189
2023,6258.03,88,88
2023,6260.04,166,166
2023,6264.06,27,27
2023,6266.06,1980,1980
2023,6267.08,44,44
2023,6273.03,46,46
2023,6276.02,43,43
2023,6276.05,112,112
2023,6278.05,58,58
2023,6280.12,1314,1314
2023,6281.01,39,39
2023,6283.05,228,228
2023,6286.02,860,860
2023,6287.02,45,45
2023,6289.06,1948,1948
2023,6290.06,144,144
2023,6290.13,62,62
2023,6292.03,211,211
2023,6295.07,31,31
2023,6297.07,1035,1035
2023,6297.08,1022,1022
2023,6298.04,85,85
2023,6300.04,196,196
2023,6303.01,1601,1601
2023,6304.04,31,31
2023,6306.01,2050,2050
2023,6306.06,2783,2783
2023,6306.06_Pillar,14,14
2023,6307.07,297,297
2023,6310.06,591,591
2023,6313.10,1373,1373
2023,6314.02,147,147
2023,6314.09,23,23
2023,6316.05,165,165
2023,6319.01,400,400
2023,6319.03,144,144
2023,6319.04,27,27
2023,6319.07,674,674
2023,6322.01,1148,1148
2023,6323.04,83,83
2023,6323.11,141,141
2023,6325.01,188,188
2023,6329.06,18,18
2023,6331.01,2624,2624
2023,6332.06,408,408
2023,6332.09,743,743
2023,6334.03,65,65
2023,6337.09,57,57
2023,6339.06,1844,1844
2023,6340.09,78,78
2023,6345.08,398,398
2023,6346.02,124,124
2023,6349.03,67,67
2023,6352.01,737,737
2023,6356.01,103,103
2023,6358.05,95,95
2023,6361.03,152,152
2023,6364.07,2944,2944
2023,6364.10,2174,2174
2023,6365.10,186,186
2023,6371.03,33,33
2023,6373.07,1494,1494
2023,6374.05,36,36
2023,6379.03,884,884
2023,6380.10,58,58
2023,6382.05,1314,1314
2023,6383.06,18,18
2023,6389.09,2291,2291
2023,6390.05,37,37
2023,6392.02,18,18
2023,6395.01,164,164
2023,6398.06,1061,1061
2023,6398.08,917,917
2023,6399.06,119,119
2023,6401.01,43,43
2023,6401.03,121,121
2023,6405.03,32,32
2023,6408.08,139,139
2023,6414.07,129,129
2023,6416.06,1241,1241
2023,6417.04,31,31
2023,6417.11,97,97
2023,6422.08,881,881
2023,6422.09,730,730
2023,6423.03,44,44
2023,6425.04,1860,1860
2023,6426.05,23,23
2023,6429.01,1042,1042
2023,6432.10,1860,1860
2023,6432.11,895,895
2023,6433.01,47,47
2023,6435.02,204,204
2023,6435.03,180,180
2023,6438.04,30,30
2023,6441.01,1050,1050
2023,6441.02,359,359
2023,6441.06,488,488
2023,6442.08,177,177
2023,6448.07,51,51
2023,6450.05,2635,2635
2023,6450.12,2359,2359
2023,6451.07,230,230
2023,6453.02,162,162
2023,6457.06,41,41
2023,6459.04,2104,2104
2023,6459.07,2428,2428
2023,6460.06,51,51
2023,6462.05,124,124
2023,6464.08,771,771
2023,6464.09,1426,1426
2023,6465.04,58,58
2023,6468.01,23,23
2023,6471.02,231,231
2023,6474.11,1810,1810
2023,6475.07,111,111
2023,6483.06,759,759
2023,6486.07,96,96
2023,6490.02,55,55
2023,6492.04,1194,1194
2023,6493.03,206,206
2023,6495.17,352,352
2023,6498.09,570,570
2023,6498.10,1363,1363
2023,6499.06,39,39
2023,6502.01,70,70
2023,6505.09,223,223
2023,6509.07,92,92
2023,6511.03,163,163
2023,6514.08,100,100
2023,6517.08,1816,1816
2023,6518.08,183,183
2023,6520.06,88,88
2023,6520.07,136,136
2023,6524.01,33,33
2023,6524.09,16,16
2023,6526.01,879,879
2023,6526.05,1799,1799
2023,6527.07,41,41
2023,6529.02,131,131
2023,6532.06,720,720
2023,6533.02,14,14
2023,6535.04,2296,2296
2023,6536.02,81,81
2023,6538.11,187,187
2023,6541.03,1217,1217
2023,6542.05,36,36
2023,6545.07,191,191
2023,6551.02,1206,1206
2023,6551.11,1238,1238
2023,6552.07,168,168
2023,6554.05,195,195
2023,6560.01,1307,1307
2023,6560.14,601,601
2023,6560.15,1211,1211
2023,6561.01,184,184
2023,6563.12,365,365
2023,6566.01,28,28
2023,6567.03,17,17
2023,6569.07,874,874
2023,6569.08,687,687
2023,6569.09,673,673
2023,6570.06,107,107
2023,6572.08,429,429
2023,6575.03,931,931
2023,6576.07,30,30
2023,6578.01,1041,1041
2023,6579.03,92,92
2023,6581.14,121,121
2023,6584.12,1859,1859
2023,6585.11,98,98
2023,6587.04,163,163
2023,6593.14,957,957
2023,6593.15,1751,1751
2023,6594.02,86,86
2023,6596.10,157,157
2023,6599.01,243,243
2023,6602.03,2186,2186
2023,6602.03_Pillar,9,9
2023,6602.05,1559,1559
2023,6603.06,69,69
2023,6603.07,156,156
2023,6605.08,241,241
2023,6608.09,1051,1051
2023,6609.03,35,35
2023,6611.02,2018,2018
2023,6611.07,501,501
2023,6612.09,193,193
2023,6614.01,182,182
2023,6617.02,909,909
2023,6617.09,1162,1162
2023,6618.02,35,35
2023,6621.06,62,62
2023,6626.01,1787,1787
2023,6626.11,910,910
2023,6627.12,104,104
2023,6629.06,390,390
2023,6636.04,54,54
2023,6638.01,414,414
2023,6642.08,11,11
2023,6644.07,839,839
2023,6644.08,1656,1656
2023,6645.06,58,58
2023,6650.07,1202,1202
2023,6651.01,64,64
2023,6654.05,40,40
2023,6656.05,55,55
2023,6659.01,804,804
2023,6659.03,922,922
2023,6659.09,918,918
2023,6659.10,638,638
2023,6660.05,28,28
2023,6660.07,23,23
2023,6662.01,265,265
2023,6662.09,138,138
2023,6664.05,125,125
2023,6667.04,904,904
2023,6668.06,64,64
2023,6670.03,218,218
2023,6676.02,1523,1523
2023,6677.03,56,56
2023,6679.11,250,250
2023,6682.03,435,435
2023,6682.08,435,435
2023,6683.01,13,13
2023,6688.01,194,194
2023,6691.11,1272,1272
2023,6692.03,28,28
2023,6700.01,802,802
2023,6700.14,797,797
2023,6701.05,57,57
2023,6703.06,121,121
2023,6708.04,1086,1086
2023,6709.01,25,25
2023,6709.05,56,56
2023,6711.13,750,750
2023,6717.06,1669,1669
2023,6718.02,137,137
2023,6720.07,374,374
2023,6723.10,886,886
2023,6724.01,14,14
2023,6726.01,2904,2904
2023,6727.02,96,96
2023,6729.02,129,129
2023,6732.01,907,907
2023,6733.01,44,44
2023,6735.03,214,214
2023,6737.03,180,180
2023,6740.01,1078,1078
2023,6740.10,1115,1115
2023,6741.03,41,41
2023,6743.06,142,142
2023,6747.06,1138,1138
2023,6747.07,2402,2402
2023,6748.04,83,83
2023,6750.16,571,571
2023,6753.08,1774,1774
2023,6756.01,2332,2332
2023,6756.05,1907,1907
2023,6757.03,49,49
2023,6759.15,337,337
2023,6762.02,1560,1560
2023,6762.04,1035,1035
2023,6763.08,38,38
2023,6765.01,1980,1980
2023,6766.03,347,347
2023,6771.13,729,729
2023,6772.11,14,14
2023,6774.13,250,250
2023,6779.04,1819,1819
2023,6779.05,840,840
2023,6782.01,506,506
2023,6786.02,1456,1456
2023,6787.02,21,21
2023,6793.01,12,12
2023,6795.01,896,896
2023,6798.01,99,99
2023,6801.01,1262,1262
2023,6804.01,140,140
2023,6806.06,273,273
2023,6809.07,1257,1257
2023,6809.09,1421,1421
2023,6810.01,27,27
2023,6812.06,520,520
2023,6814.01,309,309
2023,6816.07,1545,1545
2023,6817.15,70,70
2023,6819.15,564,564
2023,6822.09,2270,2270
2023,6824.07,1019,1019
2023,6825.03,49,49
2023,6827.11,683,683
2023,6830.02,867,867
2023,6836.07,186,186
2023,6839.04,1009,1009
2023,6839.10,1579,1579
2023,6840.02,20,20
2023,6842.02,178,178
2023,6847.02,1749,1749
2023,6847.05,1327,1327
2023,6848.04,18,18
2023,6850.01,486,486
2023,6854.05,888,888
2023,6855.02,42,42
2023,6857.09,376,376
2023,6860.12,703,703
2023,6865.03,364,364
2023,6869.06,29,29
2023,6869.10,52,52
2023,6873.01,294,294
2023,6876.04,2901,2901
2023,6877.05,42,42
2023,6877.06,15,15
2023,6879.04,263,263
2023,6884.03,1246,1246
2023,6885.01,13,13
2023,6887.03,316,316
2023,6889.12,1326,1326
2023,6890.01,949,949
2023,6890.06,1650,1650
2023,6893.10,275,275
2023,6896.16,892,892
2023,6901.01,181,181
2023,6904.06,982,982
2023,6905.02,13,13
2023,6907.03,196,196
2023,6912.01,2679,2679
2023,6912.01_Pillar,19,19
2023,6913.03,9,9
2023,6915.02,410,410
2023,6920.03,1318,1318
2023,6921.04,36,36
2023,6923.20,951,951
2023,6925.09,605,605
2023,6926.01,821,821
2023,6927.03,92,92
2023,6929.01,177,177
2023,6932.14,426,426
2023,6932.15,426,426
2023,6935.01,69,69
2023,6937.07,315,315
2023,6941.03,28,28
2023,6943.07,436,436
2023,6948.10,2729,2729
2023,6949.03,47,47
2023,6951.03,173,173
2023,6953.08,1528,1528
2023,6955.01,1069,1069
2023,6955.05,1471,1471
2023,6958.06,468,468
2023,6960.12,876,876
2023,6964.05,68,68
2023,6966.04,275,275
2023,6969.08,537,537
2023,6970.02,35,35
2023,6978.04,69,69
2023,6981.16,120,120
2023,6989.07,437,437
2023,6991.12,870,870
2023,6994.06,172,172
2023,6996.01,180,180
2023,6998.08,824,824
2023,7003.06,344,344
2023,7009.02,94,94
2023,7009.06,107,107
2023,7014.12,1643,1643
2023,7018.01,425,425
2023,7020.02,1562,1562
2023,7023.04,904,904
2023,7023.09,955,955
2023,7026.08,234,234
2023,7028.04,558,558
2023,7032.02,38,38
2023,7032.06,109,109
2023,7034.09,111,111
2023,7039.03,347,347
2023,7047.07,166,166
2023,7049.04,672,672
2023,7052.01,1752,1752
2023,7057.07,805,805
2023,7059.01,1353,1353
2023,7059.08,2465,2465
2023,7060.02,71,71
2023,7062.07,209,209
2023,7066.01,88,88
2023,7068.07,171,171
2023,7074.01,223,223
2023,7079.06,1251,1251
2023,7082.08,559,559
2023,7082.14,65,65
2023,7084.12,618,618
2023,7092.06,776,776
2023,7098.05,141,141
2023,7100.07,1200,1200
2023,7111.10,342,342
2023,7113.08,375,375
2023,7116.04,1289,1289
2023,7119.04,272,272
2023,7121.13,615,615
2023,7123.04,1645,1645
2023,7126.01,239,239
2023,7128.08,1081,1081
2023,7132.08,206,206
2023,7137.04,396,396
2023,7141.07,1737,1737
2023,7144.02,1294,1294
2023,7146.04,658,658
2023,7149.05,899,899
2023,7152.10,130,130
2023,7154.07,1200,1200
2023,7159.08,194,194
2023,7161.08,1137,1137
2023,7163.07,49,49
2023,7165.01,24,24
2023,7170.04,163,163
2023,7175.05,2554,2554
2023,7178.02,208,208
2023,7180.02,877,877
2023,7183.03,1077,1077
2023,7186.15,323,323
2023,7188.10,404,404
2023,7188.13,648,648
2023,7196.04,379,379
2023,7202.07,244,244
2023,7204.08,809,809
2023,7207.08,2047,2047
2023,7210.07,119,119
2023,7212.05,1596,1596
2023,7220.01,114,114
2023,7230.10,591,591
2023,7233.05,144,144
2023,7235.13,1021,1021
2023,7243.04,1163,1163
2023,7253.04,895,895
2023,7256.01,99,99
2023,7260.09,2821,2821
2023,7265.10,749,749
2023,7271.01,83,83
2023,7281.09,890,890
2023,7284.01,391,391
2023,7286.01,833,833
2023,7286.02,590,590
2023,7286.05,448,448
2023,7288.04,712,712
2023,7291.06,292,292
2023,7293.10,1081,1081
2023,7304.08,1012,1012
2023,7311.02,1858,1858
2023,7311.07,902,902
2023,7314.03,246,246
2023,7323.09,1676,1676
2023,7327.01,183,183
2023,7338.02,922,922
2023,7340.06,410,410
2023,7342.01,274,274
2023,7344.01,782,782
2023,7344.05,1122,1122
2023,7354.01,1225,1225
2023,7360.10,1405,1405
2023,7363.04,136,136
2023,7365.08,428,428
2023,7365.13,591,591
2023,7382.04,1379,1379
2023,7386.10,226,226
2023,7388.10,1053,1053
2023,7391.02,23,23
2023,7393.09,666,666
2023,7407.13,570,570
2023,7409.04,981,981
2023,7414.17,383,383
2023,7432.04,491,491
2023,7432.09,1581,1581
2023,7436.11,410,410
2023,7443.01,673,673
2023,7443.17,393,393
2023,7450.05,678,678
2023,7453.01,1452,1452
2023,7456.03,475,475
2023,7458.03,1184,1184
2023,7463.09,428,428
2023,7484.05,1304,1304
2023,7488.24,446,446
2023,7502.01,902,902
2023,7504.18,426,426
2023,7504.19,302,302
2023,7511.19,1293,1293
2023,7520.07,1283,1283
2023,7522.02,818,818
2023,7524.09,600,600
2023,7524.16,661,661
2023,7528.31,541,541
2023,7538.14,1257,1257
2023,7538.18,937,937
2023,7540.02,278,278
2023,7541.01,1157,1157
2023,7543.15,383,383
2023,7563.06,248,248
2023,7567.06,654,654
2023,7571.01,88,88
2023,7575.01,95,95
2023,7577.27,788,788
2023,7579.01,224,224
2023,7579.11,438,438
2023,7580.01,1611,1611
2023,7587.16,651,651
2023,7595.17,271,271
2023,7599.02,344,344
2023,7599.09,547,547
2023,7602.05,1109,1109
2023,7606.01,830,830
2023,7610.13,542,542
2023,7611.02,556,556
2023,7613.04,10,10
2023,7617.07,1036,1036
2023,7618.01,51,51
2023,7619.05,479,479
2023,7622.12,342,342
2023,7623.13,534,534
2023,7625.18,241,241
2023,7626.02,69,69
2023,7627.10,399,399
2023,7631.23,1363,1363
2023,7634.01,850,850
2023,7636.05,237,237
2023,7639.06,9,9
2023,7640.04,622,622
2023,7642.04,31,31
2023,7643.18,505,505
2023,7646.04,1122,1122
2023,7648.16,267,267
2023,7650.05,867,867
2023,7652.04,271,271
2023,7654.04,58,58
2023,7655.22,839,839
2023,7657.03,92,92
2023,7658.13,648,648
2023,7662.13,253,253
2023,7667.04,469,469
2023,7669.10,218,218
2023,7670.09,614,614
2023,7680.03,1345,1345
2023,7682.01,1574,1574
2023,7685.14,562,562
2023,7687.05,130,130
2023,7688.12,880,880
2023,7691.05,135,135
2023,7692.11,860,860
2023,7696.07,33,33
2023,7701.21,463,463
2023,7703.14,104,104
2023,7704.04,762,762
2023,7707.08,234,234
2023,7712.04,198,198
2023,7712.06,128,128
2023,7713.01,258,258
2023,7713.11,851,851
2023,7716.19,93,93
2023,7719.13,28,28
2023,7720.03,878,878
2023,7722.06,204,204
2023,7723.01,1124,1124
2023,7726.02,329,329
2023,7727.08,549,549
2023,7735.05,303,303
2023,7735.23,180,180
2023,7737.06,108,108
2023,7738.04,526,526
2023,7740.08,53,53
2023,7741.01,285,285
2023,7741.04,293,293
2023,7744.06,208,208
2023,7745.07,462,462
2023,7748.02,322,322
2023,7751.05,55,55
2023,7753.13,361,361
2023,7755.03,75,75
2023,7756.10,1111,1111
2023,7759.08,147,147
2023,7767.06,69,69
2023,7769.06,245,245
2023,7774.02,233,233
2023,7777.02,50,50
2023,7781.10,130,130
2023,7783.18,454,454
2023,7788.13,266,266
2023,7790.04,288,288
2023,7793.02,103,103
2023,7795.09,195,195
2023,7798.02,163,163
2023,7800.03,363,363
2023,7803.02,210,210
2023,7803.08,94,94
2023,7807.04,101,101
2023,7809.13,300,300
2023,7812.01,186,186
2023,7814.01,261,261
2023,7816.14,86,86
2023,7818.17,189,189
2023,7820.05,85,85
2023,7821.01,155,155
2023,7823.03,411,411
2023,7830.03,105,105
2023,7832.04,263,263
2023,7835.10,131,131
2023,7837.30,332,332
2023,7840.05,301,301
2023,7840.11,120,120
2023,7842.16,165,165
2023,7844.05,77,77
2023,7845.06,264,264
2023,7849.10,124,124
2023,7851.04,243,243
2023,7853.01,269,269
2023,7855.03,590,590
2023,7858.02,215,215
2023,7860.08,207,207
2023,7863.03,267,267
2023,7865.09,336,336
2023,7867.04,59,59
2023,7868.05,118,118
2023,7870.02,70,70
2023,7872.03,337,337
2023,7876.07,197,197
2023,7879.01,695,695
2023,7881.09,87,87
2023,7883.06,114,114
2023,7883.09,65,65
2023,7884.04,274,274
2023,7886.02,280,280
2023,7888.10,19,19
2023,7891.06,47,47
2023,7893.05,258,258
2023,7896.11,161,161
2023,7898.03,223,223
2023,7901.04,125,125
2023,7903.02,291,291
2023,7905.05,31,31
2023,7909.07,153,153
2023,7910.01,151,151
2023,7910.10,121,121
2023,7913.15,236,236
2023,7915.11,385,385
2023,7918.12,135,135
2023,7920.05,211,211
2023,7922.01,8,8
2023,7925.04,78,78
2023,7927.08,73,73
2023,7931.05,60,60
2023,7932.10,217,217
2023,7935.07,169,169
2023,7937.15,337,337
2023,7940.02,92,92
2023,7940.04,73,73
2023,7942.07,385,385
2023,7942.21,152,152
2023,7945.03,78,78
2023,7945.07,92,92
2023,7948.10,143,143
2023,7952.02,183,183
2023,7954.12,355,355
2023,7957.11,104,104
2023,7959.18,246,246
2023,7962.01,160,160
2023,7966.02,78,78
2023,7967.04,325,325
2023,7970.05,202,202
2023,7971.07,289,289
2023,7974.01,189,189
2023,7976.08,280,280
2023,7979.17,127,127
2023,7981.16,281,281
2023,7981.27,131,131
2023,7983.02,60,60
2023,7983.04,19,19
2023,7984.04,155,155
2023,7987.14,39,39
2023,7991.01,110,110
2023,7992.04,141,141
2023,7995.04,185,185
2023,7997.08,330,330
2023,8000.02,220,220
2023,8004.03,294,294
2023,8005.03,133,133
2023,8005.08,100,100
2023,8008.03,117,117
2023,8009.05,224,224
2023,8012.04,112,112
2023,8013.07,222,222
2023,8016.07,175,175
2023,8018.04,247,247
2023,8018.09,423,423
2023,8020.01,151,151
2023,8021.11,319,319
2023,8024.05,50,50
2023,8025.01,80,80
2023,8029.28,356,356
2023,8033.09,227,227
2023,8036.05,273,273
2023,8040.03,41,41
2023,8041.07,308,308
2023,8044.09,63,63
2023,8048.01,70,70
2023,8048.04,218,218
2023,8049.05,53,53
2023,8049.10,116,116
2023,8052.01,66,66
2023,8052.02,160,160
2023,8054.04,128,128
2023,8057.02,153,153
2023,8060.01,107,107
2023,8061.01,34,34
2023,8064.03,69,69
2023,8065.13,82,82
2023,8068.01,157,157
2023,8069.01,237,237
2023,8072.06,151,151
2023,8076.08,35,35
2023,8077.07,45,45
2023,8080.01,52,52
2023,8081.01,86,86
2023,8084.03,68,68
2023,8085.05,188,188
2023,8085.09,75,75
2023,8085.13,88,88
2023,8088.01,178,178
2023,8089.05,146,146
2023,8092.06,219,219
2023,8095.06,117,117
2023,8096.02,78,78
2023,8096.03,64,64
2023,8099.04,69,69
2023,8100.01,139,139
2023,8103.05,173,173
2023,8104.10,176,176
2023,8107.10,172,172
2023,8108.02,86,86
2023,8110.04,155,155
2023,8111.04,61,61
2023,8111.07,106,106
2023,8114.02,55,55
2023,8115.01,76,76
2023,8118.02,177,177
2023,8119.05,59,59
2023,8122.04,140,140
2023,8123.06,335,335
2023,8126.07,324,324
2023,8129.02,108,108
2023,8130.02,26,26
2023,8133.08,267,267
2023,8137.06,220,220
2023,8138.07,158,158
2023,8141.05,66,66
2023,8144.09,122,122
2023,8145.03,52,52
2023,8149.09,86,86
2023,8152.03,144,144
2023,8153.10,34,34
2023,8156.01,101,101
2023,8156.03,326,326
2023,8157.06,191,191
2023,8160.03,168,168
2023,8163.05,192,192
2023,8167.02,85,85
2023,8167.04,41,41
2023,8171.06,117,117
2023,8172.07,113,113
2023,8175.06,35,35
2023,8179.03,168,168
2023,8182.02,73,73
2023,8183.02,30,30
2023,8183.08,80,80
2023,8186.01,127,127
2023,8187.04,89,89
2023,8190.03,94,94
2023,8191.01,105,105
2023,8194.06,113,113
2023,8194.07,145,145
2023,8196.02,80,80
2023,8198.05,75,75
2023,8205.05,139,139
2023,8206.17,86,86
2023,8209.01,45,45
2023,8210.01,68,68
2023,8212.01,166,166
2023,8213.01,300,300
2023,8216.02,21,21
2023,8218.04,66,66
2023,8225.05,42,42
2023,8226.05,149,149
2023,8226.06,286,286
2023,8226.07,301,301
2023,8229.04,95,95
2023,8233.01,45,45
2023,8236.01,73,73
2023,8241.07,100,100
2023,8242.04,113,113
2023,8245.03,72,72
2023,8248.05,94,94
2023,8249.10,221,221
2023,8252.03,79,79
2023,8254.01,112,112
2023,8257.03,25,25
2023,8262.07,141,141
2023,8265.09,94,94
2023,8268.08,25,25
2023,8269.01,91,91
2023,8272.01,63,63
2023,8272.08,51,51
2023,8277.03,35,35
2023,8278.05,124,124
2023,8281.06,97,97
2023,8284.01,22,22
2023,8285.09,102,102
2023,8285.11,38,38
2023,8290.01,85,85
2023,8293.12,89,89
2023,8299.03,166,166
2023,8303.06,91,91
2023,8306.03,37,37
2023,8307.05,85,85
2023,8315.03,65,65
2023,8316.02,107,107
2023,8319.01,68,68
2023,8320.01,72,72
2023,8323.05,53,53
2023,8325.08,89,89
2023,8325.12,45,45
2023,8327.15,74,74
2023,8330.05,90,90
2023,8335.02,71,71
2023,8336.02,295,295
2023,8344.04,50,50
2023,8344.09,102,102
2023,8346.06,42,42
2023,8348.02,130,130
2023,8351.06,41,41
2023,8353.02,53,53
2023,8353.09,42,42
2023,8356.02,157,157
2023,8356.04,85,85
2023,8358.03,201,201
2023,8358.10,35,35
2023,8362.02,66,66
2023,8362.09,21,21
2023,8366.06,66,66
2023,8366.07,44,44
2023,8369.08,59,59
2023,8374.02,34,34
2023,8379.07,135,135
2023,8381.04,85,85
2023,8384.03,48,48
2023,8387.03,57,57
2023,8392.02,62,62
2023,8394.15,43,43
2023,8397.02,228,228
2023,8399.06,76,76
2023,8403.02,81,81
2023,8407.03,37,37
2023,8410.10,42,42
2023,8415.01,60,60
2023,8416.07,179,179
2023,8416.10,47,47
2023,8425.01,78,78
2023,8427.05,55,55
2023,8428.04,70,70
2023,8428.05,92,92
2023,8430.03,54,54
2023,8432.11,63,63
2023,8435.04,153,153
2023,8441.01,94,94
2023,8441.05,80,80
2023,8447.07,17,17
2023,8451.07,29,29
2023,8453.14,57,57
2023,8456.02,77,77
2023,8458.03,128,128
2023,8462.09,81,81
2023,8465.01,29,29
2023,8467.03,53,53
2023,8469.05,38,38
2023,8472.06,82,82
2023,8472.08,42,42
2023,8474.02,90,90
2023,8478.11,32,32
2023,8483.02,43,43
2023,8485.01,32,32
2023,8489.06,47,47
2023,8491.07,35,35
2023,8494.01,71,71
2023,8494.06,98,98
2023,8496.01,77,77
2023,8500.01,111,111
2023,8502.04,60,60
2023,8505.08,38,38
2023,8507.02,36,36
2023,8510.02,129,129
2023,8511.08,66,66
2023,8514.05,66,66
2023,8520.01,50,50
2023,8526.03,154,154
2023,8528.05,93,93
2023,8532.03,59,59
2023,8535.01,71,71
2023,8535.09,16,16
2023,8539.02,3,3
2023,8541.04,11,11
2023,8543.01,16,16
2023,8546.06,216,216
2023,8547.04,26,26
2023,8550.01,21,21
2023,8550.04,55,55
2023,8555.05,81,81
2023,8558.01,16,16
2023,8559.04,19,19
2023,8563.06,90,90
2023,8566.05,160,160
2023,8571.02,58,58
2023,8575.02,25,25
2023,8579.03,43,43
2023,8579.05,49,49
2023,8579.09,38,38
2023,8582.02,24,24
2023,8582.09,281,281
2023,8583.02,44,44
2023,8586.09,181,181
2023,8590.01,73,73
2023,8597.01,7,7
2023,8601.04,104,104
2023,8605.06,45,45
2023,8613.09,98,98
2023,8615.01,40,40
2023,8616.06,165,165
2023,8619.02,124,124
2023,8624.01,49,49
2023,8631.03,24,24
2023,8632.07,117,117
2023,8635.08,82,82
2023,8636.04,29,29
2023,8639.01,49,49
2023,8643.01,23,23
2023,8646.02,71,71
2023,8647.10,16,16
2023,8649.03,43,43
2023,8650.11,96,96
2023,8653.09,126,126
2023,8655.02,23,23
2023,8664.06,54,54
2023,8665.02,68,68
2023,8665.09,131,131
2023,8667.01,111,111
2023,8672.05,41,41
2023,8676.01,22,22
2023,8679.03,46,46
2023,8682.06,19,19
2023,8692.04,45,45
2023,8696.05,15,15
2023,8699.01,35,35
2023,8703.05,48,48
2023,8707.01,100,100
2023,8707.04,51,51
2023,8711.02,150,150
2023,8715.01,46,46
2023,8715.06,73,73
2023,8717.07,50,50
2023,8720.02,41,41
2023,8732.04,32,32
2023,8734.02,180,180
2023,8734.04,48,48
2023,8738.01,54,54
2023,8741.01,24,24
2023,8745.01,67,67
2023,8748.02,35,35
2023,8752.01,48,48
2023,8756.03,23,23
2023,8756.07,33,33
2023,8766.03,35,35
2023,8772.06,5,5
2023,8776.02,20,20
2023,8778.01,29,29
2023,8782.01,49,49
2023,8786.01,16,16
2023,8795.01,132,132
2023,8795.03,40,40
2023,8799.01,99,99
2023,8802.05,19,19
2023,8806.01,72,72
2023,8811.01,33,33
2023,8815.01,42,42
2023,8819.05,20,20
2023,8828.02,68,68
2023,8831.03,9,9
2023,8835.05,36,36
2023,8841.03,33,33
2023,8849.03,61,61
2023,8859.03,35,35
2023,8862.02,37,37
2023,8866.01,8,8
2023,8876.04,42,42
2023,8879.02,22,22
2023,8879.03,111,111
2023,8897.05,57,57
2023,HB101,2,2
2023,HB303,1,1
2023,HB404,1,1
2023,HB503,1,1
2023,HB506,1,1
2023,JC038,1,1
2023,JC059,1,1
2023,JC066,1,1
2023,JC072,1,1
2023,JC094,1,1
2023,JC104,1,1
2023,JC115,1,1
2023,JC116,1,1
2023,Lab - NYC,4,4
2023,SYS016,41,41
2023,SYS033,24,24
2023,SYS038,1,1
